NO,,คำถาม,,,,,,,,,,,,,,,,,,,,,,,,,,,,,,คำตอบ,,,,,,,,,,,,,,การตอบกลับของลูกค้า,
1,,ลูกค้าเเจ้งงว่าไม่สามารถลงทะเบียนได้พรุ่งนี้ที่มีงานสัมมา   จริงๆทำตั้งแต่ 10-11/07/67 ที่ได้รับเมล์พอไม่ได้ วันนี้  ประมาณ 10.00 น.  ก็พยายามลงทะเบียนอีกครั้ง ก็ไม่ได้ ตอนที่ให้ทำการลงทะเบียน ช่วงกดเข้าไปหน้าเว็ป เเจ้งให้สมัคร member  พอสมัครเสร็จก็ลงทะเบียนไม่ได้เลย กดกรอกข้อมูลระบบไม่ไปหน้าถัดไปให้ ,,,,,,,,,,,,,,,,,,,,,,,,,,,,,,,,,,,,,,,,,,,,,
2,,ลูกค้าเเจ้งว่างานพรุ่งนี้  เส้นทางระดบทุน SME  ยังไม่ได้ลงทะเบียนงานสัมนา อยากทราบว่าลงทะเบียนทันไหม   เพราะลูกค้าไม่ได้รับเมล์   ,,,,,,,,,,,,,,,,,,,,,,,,,,,,,,,,,,,,,,,,,,,,,
3,,"ลูกค้าเเจ้งว่าจะเข้าร่วมสัมมนาวันนี้ เเต่เข้าลิ้งในเมล์แล้วไม่ได้ค่ะ     



",,,,,,,,,,,,,,,,,,,,,,,,,,,,,,ระกว่างตรวจสอบลูกค้าเเจ้งว่าเข้าได้เเล้วค่ะ ,,,,,,,,,,,,,,,
4,,"ลูกค้าแจ้งว่าได้รับเมล ของ cpall ร่วมกับ ตลาดหลักทรัพย์ เชิญเข้าร่วมสัมมนาในหัวข้อเรื่องโอกาสการเติบโตและเส้นทางระดมทุน วันที่ 18/07/67 เวลา 13.00-17.00น. แต่ในเมลล์ไม่ได้รับ QR Code เพื่อสแกนรับสิทธิ์เข้าร่วม ต้องการให้ส่งเมลล์ให้ใหม่ และสอบถามเพิ่มเติมว่าสามารถส่งตัวแทนไปเข้าร่วมสัมมนาแทนได้หรือไม่ 

โดยให้ส่งไปที่เมลล์ hatavesin@hotmail.com",,,,,,,,,,,,,,,,,,,,,,,,,,,,,,,,,,,,,,,,,,,,,
5,,"ลูกค้าแจ้งว่าได้ลงทะเบียนสัมมนาที่จัดในวันที่ 18/07/67 ตอนแรกลูกค้าลงทะเบียนว่าจะเข้าร่วมแบบ offline และลูกค้าจะขอแก้ไขใหม่เป็นการลงทะเบียนแบบ online แทนค่ะ ,ลงทะเบียนไว้ด้วยชื่อ : รณิดา  นกไทยเจริญ ,Email : salemdt@nokthai.com",,,,,,,,,,,,,,,,,,,,,,,,,,,,,,,,,,,,,,,,,,,,,
6,,ลูกค้าสอบถามเข้ามาว่า ได้มีการลงทะเบียนสัมนาเรียบร้อยแล้ว แต่ต้องการทราบว่าจะได้รับเมลล์ตอบกลับเมื่อไหร่ หรือลิ้งประชุมผ่านช่องทางไหนค่ะ ,,,,,,,,,,,,,,,,,,,,,,,,,,,,,,,,,,,,,,,,,,,,,
7,,"ลูกค้าสอบถามงาน สัมมนา ในวันที่ 18/07/67 เรื่อง ""เปิดบ้านแนะนำโอกาสการเติบโต และเส้นทางระดมทุนเพื่อ SME/Startups"" ลูกค้าแจ้งว่าได้รับ QR code แล้วเมื่อเข้าไปที่เว็บไซต์แล้วอยากทราบว่าจะต้องไปกรอกข้อมูลตรงไหนต่อ เนื่องจากหน้าลงทะเบียนจะเป็นหน้าของสมาชิก ซึ่งลูกค้ายังไม่ได้เป็นสมาชิกเลยค่ะ  ",,,,,,,,,,,,,,,,,,,,,,,,,,,,,,,,,,,,,,,,,,,,,
8,,ลูกค้าสอบถามเนื่องจากมีการลงทะเบียนเข้าร่วมสัมมานาออนไลน์ อนาหกทราบว่าจะเข้าชมได้ทางไหน,,,,,,,,,,,,,,,,,,,,,,,,,,,,,,แจ้งลูกค้าจะได้รับลิงคืเข้าร่วมสัมมนาผ่านทางเมลืที่ลงทะเบียนไว้ค่ะ,,,,,,,,,,,,,,,
9,,สนใจเข้ารวมสัมมนา  โครงการ SME   ,,,,,,,,,,,,,,,,,,,,,,,,,,,,,,แนะนำลงทะเบียนเรียบร้อย,,,,,,,,,,,,,,,
10,,"สอบถาม สถานที่ตั้ง สัมนา 

 ",,,,,,,,,,,,,,,,,,,,,,,,,,,,,,แจ้งเรีบยร้อยค่ะ ตลาดหลักทรัพย์แห่งประเทศไทย (The Stock Exchange of Thailand),,,,,,,,,,,,,,,ลูกค้ารับทราบค่ะ 
11,,สอบถามได้รับอีเมลล์ เข้าร่วมสมนา ,,,,,,,,,,,,,,,,,,,,,,,,,,,,,,แจ้งลูกค้าเรียบร้อยค่ะ กรณีไม่เข้าร่วม ไม่ต้องสแกน QR CODE,,,,,,,,,,,,,,,
12,,สอบถามเรื่องการลงทะเบียนสัมนา,,,,,,,,,,,,,,,,,,,,,,,,,,,,,,แนะนำลูกค้า กรณีไม่ได้เข้าร่วม ไม่ต้องตอบกลับเมลล์หรือแสกน QR CODE ,,,,,,,,,,,,,,,ลูกค้ารับทราบข้อมูลค่ะ 
13,,อบรมสัมมาวันนี้ 18/07/67 ถ้าไม่ได้ลงทะเบียน สามารถเข้าได้ไหมค่ะ ,,,,,,,,,,,,,,,,,,,,,,,,,,,,,,ไม่ได้ครับ,,,,,,,,,,,,,,,
14,, คู่ขา ลงทะเบียน SME แบบ ออนไซต์  ต้องการเปลี่ยนเป็าน แบบออนไลน์  เนื่องจาก ไม่สะดวก เข้าพื้นที่ ,,,,,,,,,,,,,,,,,,,,,,,,,,,,,,,,,,,,,,,,,,,,,ต้องการให้ติดต่อกลับ 
15,,คุณเดือนติดต่อจาก Credential Group ได้รับ email เชิญให้เข้าร่วมสัมมนาโดยสแกน QR Code เพื่อลงทะเบียนภายในวันที่ 17/7/2567 แต่ว่ายังไม่ได้รับ QR Code ต้องการให้ส่ง QR Code มาให้ที่ email wongduan.s@credentialgroup.comถ้าส่งเรียบร้อยแล้ว ให้ติดต่อกลับที่เบอร์ 0643566322,,,,,,,,,,,,,,,,,,,,,,,,,,,,,,,,,,,,,,,,,,,,,
16,,โครงการ SME สแกนคิวอาร์โค้ด แล้วลงทะเบียนไม่ได้ ,,,,,,,,,,,,,,,,,,,,,,,,,,,,,,,,,,,,,,,,,,,,,ต้องการให้ประสานงานกลับ
17,,"ลูกค้าแจ้งว่าได้รับเมลล์เชิญเข้าร่วมสัมมาวันที่ 18/07/67 เรื่องSME สตาร์ทอัพ อยากทราบว่าเหมาะกับบุคคลใด เหมาะกับเจ้าของกิจการ หรือ เป็นในส่วนงานไหน ลูกค้าจะได้ตัดสินค้าใจเข้าร่วมถูก สามารถแจ้งรายละเอียดไก้ผ่านเมลล์ moderntrade@88thailand.co.th

",,,,,,,,,,,,,,,,,,,,,,,,,,,,,,,,,,,,,,,,,,,,,
18,,"ลูกค้าแจ้งว่าต้งอการสอบถามการลงสัมมนาที่จะเกิดขึ้นในวันที่ 18/07/67 ลูกค้าลงทะเบียนเพื่อเข้าสัมมนาออนไลน์ไป สแกน qr code เพื่อจะสมัครแล้ว แต่หน้าจอหมุนและเด้งออก พอจะลงทะเบียนใหม่ระบบแจ้งว่าเมลล์นี้ลงทะเบียนแล้วให้ลงทะเบียนด้วยเมลใหม่ ต้งอการให้ตรวจสอบและแจ้งกลับ ใช้เมลล์ vrtoys@gmail.com ในการลงทะเบียน

",,,,,,,,,,,,,,,,,,,,,,,,,,,,,,,,,,,,,,,,,,,,,
19,,ลูกค้าเป็นคู่ค้าลงทะเบียนคิวอาร์โค้ด เข้าร่วมโครงการตลาดหลักทรัพย์  ไม่ได้  พอสแกนคิวอาร์โค้ดแล้ว   ให้ลงทะเบียน แต่  ทำรายการต่อไม่ได้ ,,,,,,,,,,,,,,,,,,,,,,,,,,,,,,,,,,,,,,,,,,,,,ขอประสานงานให้เจ้าหน้าที่ติดต่อกลับ 
20,,"สมัคร Member แล้ว พอกดตรงคำว่าลงทะเบียน ระบบ หมุน ไม่ไปหน้าถัดไป รอมาสักพักหนึ่งแล้ว อยากทราบว่า

1. ระบบมีปัญหาหรือไม่

2. มีผู้ใช้สิทธิ์ไปกี่ที่นั่งแล้ว ตอนนี้เต็มหรือยัง


",,,,,,,,,,,,,,,,,,,,,,,,,,,,,,,,,,,,,,,,,,,,,
21,,ขอเบอร์ออล์ออนไลน์ ,,,,,,,,,,,,,,,,,,,,,,,,,,,,,,1371  กด2 ,,,,,,,,,,,,,,,
22,,ลูกค้าต้องการติดต่อเรื่องการเปิดร้าน 7-11 ,,,,,,,,,,,,,,,,,,,,,,,,,,,,,,แนะนำติตด่อ 02-8267800 กด 1,,,,,,,,,,,,,,,
23,,ออล์ออนไลน ,,,,,,,,,,,,,,,,,,,,,,,,,,,,,,1371  กด 2,,,,,,,,,,,,,,,
24,,ต้องการทราบว่า หากผ่านการพิจารณานำสินค้าเข้ามาแล้ว หากว่าสินค้าที่หมดอายุ หรือว่า กระบวนการเรื่องค่าใช้จ่าย จะยังไง ,,,,,,,,,,,,,,,,,,,,,,,,,,,,,,เบื้องต้นแจ้งข้อมูลแล้วว่าให้รอการติดต่อกลับจากส่วนงานที่ดูแลอีกครั้ง เพราะขั้นตอนต่างๆต้องใช้ระยะเวลา,,,,,,,,,,,,,,,
25,,ติดต่อเข้ามาสอบถามข้อมูลค่ะ เนื่องจากลูกค้เสนอสินค้านำเข้าค่ะ ไม่มั่นใจว่าเค้าร่วม SME หรือไม่ หรือต้องมีแนวทางอย่างไร มีเพิ่มสินค้าเข้ามา เมื่อเดือน มีนาคม ทางลุกค้าได้รับเมลลืตอบกลับแล้วค่ะ ไม่ทราบว่าสินค้าเป็น SME หรือไม่ค่ะ ,,,,,,,,,,,,,,,,,,,,,,,,,,,,,,,,,,,,,,,,,,,,,
26,,เรามีการส่งเรื่องเสนอสินค้าเข้าไป แล้วผ่านขั้นตอนการวิจารณาแล้ว และจะมีขั้นตอนให้นำส่งสินค้าตัวอย่างประกอบการวิจัย เราต้องการทราบว่า จะต้องส่งสินค้าตัวอย่างจำนวนเท่านั้นค่ะ และเราได้ติดต่อคุณกวาง เบอร์ 0845096344 ตั้งแต่ช่วงเช้า โทรติดแต่ว่าไม่รับสายเลยค่ะ,,,,,,,,,,,,,,,,,,,,,,,,,,,,,,,,,,,,,,,,,,,,,
27,,"ลูกค้า 7SME100512 คุณอชิรพงษ์  ได้รับอีเมล ตอบรับสินค้า ยาหม่องน้ำ  ตราทองไทยเกอร์ ในวันที่  10  มิย. 67  แต่ ยังไม่มีการติดต่อกลับ   



   



",,,,,,,,,,,,,,,,,,,,,,,,,,,,,,,,,,,,,,,,,,,,,รบกวนติดต่อกลับด่วน
28,,"ลูกค้าเเจ้งว่ามีการกรอกลงทะเบียนมาในเว็ป และผ่านการพิจารณาแล้ว  เขาให้กรอกในส่วนที่ 2 ทางลูกค้ากรอกเรียบร้อยแล้ว ตั้งแต่วันที่ 09/07/67  เเต่ตอนนี้ยังไม่ได้รับการติดต่อกลับเลยค่ะ 

",,,,,,,,,,,,,,,,,,,,,,,,,,,,,,,,,,,,,,,,,,,,,
29,,"ลูกค้าแจ้งว่าได้ทำการนำเสนอสินค้าผ่านหน้าเว็ปกำลังจะอัพโหลดภาพสินค้าแต่ไม่สำเร็จ พอจะลงทะเบียนใหม่ระบบขึ้นว่าได้ลงทะเบียนแล้ว เลยอยากให้ตรวจสอบว่าได้ลงทะเบียนสำเร็จหรือไม่

",,,,,,,,,,,,,,,,,,,,,,,,,,,,,,,,,,,,,,,,,,,,,
30,,"ลูกค้าแจ้งวาได้มีการลงทะเบียนเสนอสินค้าไปเมื่อ 26/06/67 แต่มาตรวจสอบดูพบว่าไม่มีรายการใดๆขึ้น จึงอยากสอบถามว่าที่ลูกค้าลงทะเบียนสินค้าไปสำเร็จหรือไม่

",,,,,,,,,,,,,,,,,,,,,,,,,,,,,,,,,,,,,,,,,,,,,
31,,ลูกค้าแจ้งว่ามีการตอบรับจากหน่วยงานที่เกี่ยวข้องแล้ว ว่าผ่านการอนุมัติพิจารณา แต่ยังไม่ได้รับการติดต่อกลับทางโทรศัพท์ ลูกค้าอยากรู้ว่าในขั้นตอนต่อไปต้องทำเนินการอย่างไร มีการรอมา 20 วันแล้ว รบกวนตรวจสอบและติดต่อกลับลูกค้าด้วย,,,,,,,,,,,,,,,,,,,,,,,,,,,,,,,,,,,,,,,,,,,,,
32,,"ลูกค้าแจ้งว่ามีการส่งการนำเสนอสินค้าเมื่อวันที่ 01/07/67 สถานะตอนนี้ รอพิจารณา เบื้องต้น ลูกค้าต้องการแก้ไขในส่วนของราคา จาก 59 บาท เป็น 99 บาทค่ะ (แก้ไขข้อมูลราคาอย่างเดียว) ลูกค้าแจ้งเพิ่มเติมว่าสินค้าดังกล่าวลูกค้าเคยมีการนำเสนอมาแล้วเมื่อประมาณ เดือนกุมภาพันธ์ แต่ไม่ผ่าน เนื่องจากตั้งราคาไว้สูง (2 แคปซูล ราคา 129 บาท) ตอนนี้ลูกค้าจึงนำเสนอไปใหม่ค่ะ 

",,,,,,,,,,,,,,,,,,,,,,,,,,,,,,,,,,,,,,,,,,,,,
33,,ลูกค้าติดตามเรื่องเข้ามาประมาณ 3-4 ครั้งแล้วค่ะ เนื่องจากสินค้าที่ลูกค้าเสนอเข้ามานั้น ได้ผ่านการพิจารณาเมื่อวันที่ 27/10/2023 แล้ว อยากทราบว่าช่วงเวลาไหนถึงจะได้ดำเนินการในขั้นตอนต่อไปได้ เพราะรอที่จะนำสินค้าเข้ามาจำหน่ายอยู่ค่ะ อยากทราบช่วงเวลาที่ชัดเจนนิดนึง ,,,,,,,,,,,,,,,,,,,,,,,,,,,,,,,,,,,,,,,,,,,,,
34,,"ส่งสินค้าให้คุณกวาง แล้วยังไม่ได้รับเมลล์ตอบกลับ ต้องการให้ทางหน่วยงานที่เกี่ยวข้องตรวจสอบและติดต่อกลับ

",,,,,,,,,,,,,,,,,,,,,,,,,,,,,,,,,,,,,,,,,,,,,
35,,ต้องการ ทราบผลดำเนินการ  ลูกหยี ปลายด้ามขวาน  มีเจ้าหน้าที่ ติดต่อทางไลน์ ให้ส่งข้อมูลทางไลน์   เสียค่าใชา้จ่าย 1000  บาท   แล้วจะเป็น VIP   แต่ลูกค้ายังไม่เคยลงทะเบียน ผ่านเว็ปไซต์ เลย ,,,,,,,,,,,,,,,,,,,,,,,,,,,,,,แจ้งไม่ใช่ ของบริษัท ซีพี,,,,,,,,,,,,,,,
36,,ต้องการนำเสนอสินค้า ,,,,,,,,,,,,,,,,,,,,,,,,,,,,,,แนะนำกรอกข้อมูลลงทะเบียนนำเสนอสินค้าทาง  www.7smesupportcenter.com,,,,,,,,,,,,,,,
37,,ต้องการนำเสนอสินค้า,,,,,,,,,,,,,,,,,,,,,,,,,,,,,,แนะนำกรอกข้อมูลลงทะเบียนนำเสนอสินค้าทาง  www.7smesupportcenter.com ,,,,,,,,,,,,,,,
38,,ต้องการนำเสนอสินค้า เป็นสินค้าที่นำเข้า ยังไม่มีอย.เลยค่ะ  ,,,,,,,,,,,,,,,,,,,,,,,,,,,,,,แนะนำกรอกข้อมูลลงทะเบียนนำเสนอสินค้าทาง  www.7smesupportcenter.com และแนะนำข้อมูลให้ทราบเรียบร้อย,,,,,,,,,,,,,,,
39,,ต้องการเสนอสินค้าเข้า 7-11  ,,,,,,,,,,,,,,,,,,,,,,,,,,,,,,แนะนำกรอกข้อมูลลงทะเบียนนำเสนอสินค้าทาง  www.7smesupportcenter.com,,,,,,,,,,,,,,,
40,,"นำเสนอสินค้า 

",,,,,,,,,,,,,,,,,,,,,,,,,,,,,,แนะนำกรอกข้อมูลลงทะเบียนนำเสนอสินค้าทาง  www.7smesupportcenter.com,,,,,,,,,,,,,,,
41,,"ลูกค้าแจ้งว่าได้กรอรกข้อมูลการผ่านพิจารณาแล้ว ต้องทำอะไรต่อไม๊ 

",,,,,,,,,,,,,,,,,,,,,,,,,,,,,,แจ้งลูกค้ารอหน่วยงานตรวจสอบข้อมูลลูกค้าค่ะ,,,,,,,,,,,,,,,
42,,ลูกค้าต้งอการเสนอสินค้าเครื่องสำอางค์เข้า 7-11 ,,,,,,,,,,,,,,,,,,,,,,,,,,,,,,แนะนำกรอกข้อมูลลงทะเบียนนำเสนอสินค้าทาง  www.7smesupportcenter.com,,,,,,,,,,,,,,,
43,,ลูกค้าต้องการนำเสนอสินค้าลงขายใน 7-11 ,,,,,,,,,,,,,,,,,,,,,,,,,,,,,,แนะนำกรอกข้อมูลลงทะเบียนนำเสนอสินค้าทาง  www.7smesupportcenter.com,,,,,,,,,,,,,,,
44,,ลูกค้าต้องการนำเสนอสินค้าลงร้าน 7-11 ,,,,,,,,,,,,,,,,,,,,,,,,,,,,,,แนะนำกรอกข้อมูลลงทะเบียนนำเสนอสินค้าทาง  www.7smesupportcenter.com,,,,,,,,,,,,,,,
45,,ลูกค้าต้องการนำเสนอสินค้าลงร้าน7-11 ,,,,,,,,,,,,,,,,,,,,,,,,,,,,,,แนะนำกรอกข้อมูลลงทะเบียนนำเสนอสินค้าทาง  www.7smesupportcenter.com,,,,,,,,,,,,,,,
46,,ลูกค้าต้องการเสนอสินค้าลงขายใน 7-11 แต่ไม่มี Email และลงทะเบียนผ่านหน้าเว็ปไม่เป็น เคย พยายามลองแล้วแต่ก็ไม่ได้ พอจะแนะนำหรือช่วยเหลืออย่างไรได้บ้าง หรือสามารถนำสินค้าที่เสนอที่ สนง.เลยได้ไหม ตอนนี้สินค้าขายดีมากในจังหวัดระยอง และชลบุรี ลูกค้าวางขายในนาม ประกิต99,,,,,,,,,,,,,,,,,,,,,,,,,,,,,,,,,,,,,,,,,,,,,
47,,ลูกค้าต้องการเสนอสินค้าลงร้าน 7-11 ,,,,,,,,,,,,,,,,,,,,,,,,,,,,,,แนะนำกรอกข้อมูลลงทะเบียนนำเสนอสินค้าทาง  www.7smesupportcenter.com,,,,,,,,,,,,,,,
48,,ลูกค้าโทรเข้ามาทางช่องทาง SME สอบถามว่า ต้องการเสนอขายพวกหลอดไฟ โคมไฟ ที่ใช้ภายในร้านสาขาให้กับทาง 7-11 ค่ะ ไม่ใช่เป็นการขายในร้านสาขานะคะ เป็นพวกงานซ่อมบำรุง ต้องติดต่อจัดซื้อหรือติดต่อหน่วยงานใด,,,,,,,,,,,,,,,,,,,,,,,,,,,,,,,,,,,,,,,,,,,,,
49,,ลูกค้าสอบถามการนำเสนอสินค้าลงร้าน 7-11  ,,,,,,,,,,,,,,,,,,,,,,,,,,,,,,แนะนำกรอกข้อมูลลงทะเบียนนำเสนอสินค้าทาง  www.7smesupportcenter.com,,,,,,,,,,,,,,,
50,,ลูกค้าสอบถามการเสนอสินค้าบนแพ็คเกจจะต้องระบุราคาหรือไม่ ,,,,,,,,,,,,,,,,,,,,,,,,,,,,,,แจ้งลูกค้าไม่จำเป็นค่ะ และแนะนำหากต้องการเสนอสินค้า แนะนำกรอกข้อมูลลงทะเบียนนำเสนอสินค้าทาง  www.7smesupportcenter.com,,,,,,,,,,,,,,,
51,,หลอดไฟ LED รถยนต์ ของ ร้าน LED Shop  สินค้า ไม่ตรงตามความต้องการของกลุ่มลูกค้า     ,,,,,,,,,,,,,,,,,,,,,,,,,,,,,,,,,,,,,,,,,,,,,
52,, กรอกข้อมูลสินค้าเรียบร้อยแล้ว แต่ไม่สามารถใส่รูปภาพสินค้าได้,,,,,,,,,,,,,,,,,,,,,,,,,,,,,,,,,,,,,,,,,,,,,
53,,7SME814613 ผู้ประกอบการแจ้งว่าได้รับ email ตอบกลับว่า สินค้ายังไม่ตรงกับกลุ่มเป้าหมาย หากต้องการขอคำปรึกษาให้ติดต่อมาที่ 02 826 7750 แต่ผู้ประกอบการคิดว่าสินค้าประเภทนี้เป็นสินค้าสำคัญที่ควรจะมีวางจำหน่ายใน 7-eleven จะต้องทำอย่างไรถึงจะผ่าน ทาง Call ชี้แ,,,,,,,,,,,,,,,,,,,,,,,,,,,,,,ผู้ประกอบการแจ้งว่าต้องการปรึกษาว่าผิดพลาดตรงไหน  ทำไมถึงไม่ผ่านการพิจารณา เพราะในเมล์ไม่มีเเจ้ง  เป็นการเสนอขายในหน้าร้านค่ะ  ต้องการให้ติดต่อกลับค่ะ ,,,,,,,,,,,,,,,
54,,ก่อนหน้านี้แจ้งเรื่องมาจากกรอกข้อมูลแล้ว ใส่รูปสินค้าไม่ได้ พอไปแก้ไขขนาดรูปมาแล้ว จะมาใส่รูปใหม่ ระบบแจ้งว่าคุณเคยกรอกข้อมูลไปแล้ว ทำให้เราเข้าไปใส่รูปภาพไม่ได้ ,,,,,,,,,,,,,,,,,,,,,,,,,,,,,,แนะนำให้เช็ค email ที่ลงทะเบียนอีกครั้ง,,,,,,,,,,,,,,,
55,,"คุณปราณีติดต่อจาก บริษัท สหทวีสิน อิมปอร์ต เอ็กซ์ปอร์ต จำกัด แจ้งว่าได้รับ email จากคุณนพเกล้า ร่วมประชุม SME ของวันที่ 18/07/67 ,เบื้องต้นได้มีการสแกน QR Code ในการลงทะเบียนแล้ว แต่ว่าขั้นตอนที่ลงทะเบียน ไม่มีช่องให้เพิ่มรายชื่อผู้เข้าร่วมเพิ่มเติมค่ะ แบบนี้จะทำยังไงได้บ้างค่ะ ",,,,,,,,,,,,,,,,,,,,,,,,,,,,,,,,,,,,,,,,,,,,,
56,,ต้องการนำเอาสินค้ามาลงสาขา สายหลุดไป  ,,,,,,,,,,,,,,,,,,,,,,,,,,,,,,,,,,,,,,,,,,,,,
57,,"ตอนนี้ลูกค้าต้องการลงทะเบียน  เตรียมพร้อมการสูระบระดมทุน    เข้าไปแล้วแต่ว่าลูกค้าเข้าไป 

ไม่ได้  ลุกค้าต้องการให้ติดต่อกลับ ",,,,,,,,,,,,,,,,,,,,,,,,,,,,,,,,,,,,,,,,,,,,,
58,,ติดต่อมาจาก บริษัท ยูเนียนเมดดิคอล (ประเทศไทย) จำกัด นะคะ พอดีว่าได้รับ Email เข้าร่วมประชุม SME และพอเราสแกน QR Code ที่ส่งมาให้แล้ว เหมือนระบบจะให้ลงทะเบียนเป็นสมาชิกก่อน แต่พอเรากดลงทะเบียน มันลงทะเบียนไม่ได้ค่ะ และของหัวหน้าเราก็ได้รับ Email เหมือนกัน แต่พอสแกน QR Code และลงทะเบียนไม่ได้เป็นเหมือนกันค่ะ,,,,,,,,,,,,,,,,,,,,,,,,,,,,,,,,,,,,,,,,,,,,,
59,,"ติดต่อลูกค้าแจ้งสอบถามการสนใจสมัคร 7SME

แนะนำกรอกข้อมูลลงทะเบียนนำเสนอสินค้าทาง  www.7smesupportcenter.com",,,,,,,,,,,,,,,,,,,,,,,,,,,,,,,,,,,,,,,,,,,,,
60,,"บริการคำปรึกษา>สอบถามข้อมูลการทำธุรกิจ SME 

",,,,,,,,,,,,,,,,,,,,,,,,,,,,,,,,,,,,,,,,,,,,,
61,,มีน้ำปลาร้า ต้องการนำไปวางจำหน่ายใน 7-11 ,,,,,,,,,,,,,,,,,,,,,,,,,,,,,,,,,,,,,,,,,,,,,
62,,"ไม่ทราบว่าทาง CP ALL ที่นำเสนอสินค้าเข้ามาจำหน่ายในเซเว่น มีรับสมัคร VIP 1,299 บ. ด้วยไหมค่ะ  ",,,,,,,,,,,,,,,,,,,,,,,,,,,,,,,,,,,,,,,,,,,,,
63,,"รบกวนสอบถาม ลูกค้าสอบถามงานสัมมนา ในวันที่ 18/07/67 เรื่อง ""เปิดบ้านแนะนำโอกาสการเติบโต และเส้นทางระดมทุนเพื่อ SME/Start Up"" ลูกค้าแจ้งว่าได้รับ QR code แล้วเมื่อเข้าไปที่เว็บไซต์แล้วอยากทราบว่าจะต้องไปกรอกข้อมูลตรงไหนต่อ เนื่องจากหน้าลงทะเบียนจะเป็นหน้า",,,,,,,,,,,,,,,,,,,,,,,,,,,,,,,,,,,,,,,,,,,,,
64,,"เราติดต่อจาก บริษัท ครัวนภัส ผลิตภัณฑ์อาหาร จำกัด นะคะ ,เราได้รับ email เรียกเชิญเข้าร่วมสัมมนา SME เห็นมีระบุไว้ 200 ที่นั่ง ,เราต้องการข้อมูลในการเข้าร่วมสัมมนานี้ เพื่อไปแจ้งกับทางเจ้านายค่ะ",,,,,,,,,,,,,,,,,,,,,,,,,,,,,,,,,,,,,,,,,,,,,
65,,เราสนใจที่จะนำเสื้อยืดผ้ามัดย้อมเข้ามาจำหน่ายในร้านเซเว่น และลูกค้าจะเข้าไปกรอกข้อมูลในเว็บ แต่ส่วนใหญ่ที่เจอจะให้กรอกข้อมูลเกี่ยวกับพวกอาหาร ลูกค้าไม่ทราบว่าจะต้องกรอกข้อมูลสินค้าตรงไหน อยากจะให้ทางจนท.โทรมาแนะนำลูกค้าหน่อยค่ะ,,,,,,,,,,,,,,,,,,,,,,,,,,,,,,,,,,,,,,,,,,,,,
66,,ลูกค้าเเจ้งว่าแนบรูปไม่ได้ พอออกจากระบบแล้วลงทะเบียนใหม่ ระบบฟ้งว่าคุณทำรายการเรียบร้อย ไม่สามารถเข้ากรอกข้อมูลเพิ่มเติมได้   ต้องการให้ตรวจสอบ ,,,,,,,,,,,,,,,,,,,,,,,,,,,,,,,,,,,,,,,,,,,,,
67,,"ลูกค้าเเจ้งว่าลงทะเบียนผ่านลิ้ง กรอกข้อมูลยังไม่ได้  

",,,,,,,,,,,,,,,,,,,,,,,,,,,,,,แนะนำกรอกข้อมูลลงทะเบียนนำเสนอสินค้าทาง  www.7smesupportcenter.com,,,,,,,,,,,,,,,
68,,ลูกค้าแจ้งว่าได้กดเข้าไปในลิ้งค์และกรอบข้อมูลสินค้าเรียบร้อยแล้ว แต่พอถึงขั้นตอนให้เพิ่มรูปภาพสินค้า เราใส่รูปภาพไม่ได้ค่ะ ,,,,,,,,,,,,,,,,,,,,,,,,,,,,,,ขอบคุณที่ให้ความสนใจร่วมธุรกิจกับเรานะคะ ท่านสามารถฝากข้อมูลสินค้าได้ที่ https://www.7smesupportcenter.com/,,,,,,,,,,,,,,,
69,,ลูกค้าได้มีเสนอสินค้าเข้ามาเมื่อวันที่    10/06/2567    เป็นสินค้ายาหม่องทองไทเกอร์    รหัสสินค้า7SME100512   ลูกค้าบอกว่าได้รับ Mail มาว่าได้รับการอนุม้ัติ แล้วก็เลยอยากทราบ จะต้องการทำอะไรเพิ่มเติม   ลูกค้าต้องการให้ติดต่อกลับ    ,,,,,,,,,,,,,,,,,,,,,,,,,,,,,,ไม่มีครับ แนะนำอย่าให้ข้อมูล,,,,,,,,,,,,,,,
70,,"ลูกค้าได้รับ email ร่วมสัมมนา SME OPEN HOUSEพอเข้าไปกรอกข้อมูล ระบบมีให้เลือกลงทะเบียนแบบ Online ticket ,OnSite ticketซึ่งเราไปเลือก Online ticket แล้วหัวข้อสัมมนามันเป็นคนละเรื่องกันเลยค่ะ แบบนี้ต้องแก้ไขยังไงค่ะ",,,,,,,,,,,,,,,,,,,,,,,,,,,,,,แจ้งลูกค้าให้กรอกข้อมูลตาม QR codeที่ได้รับค่ะ,,,,,,,,,,,,,,,
71,,ลูกค้าต้องการติดต่อคุณนพเกล้า      อยากสอบถามที่เข้าร่วมสัมนา   ,,,,,,,,,,,,,,,,,,,,,,,,,,,,,,,,,,,,,,,,,,,,,
72,,ลูกค้าโทรมาแจ้งว่าต้องการเข้าสัมนาและก็ตอนนี้ ทำรายการในระบบในการไม่สำเร็จเพราะว่าใส่รายชื่อที่เข้าร่วมสัมนายังไม่ครบและระบบมันไม่ให้ใส่ข้อมูล  ซึ่งระบบบอกว่าต้องใช้ Email ในการลงข้อมูลค่ะ  แจ้งว่าจะแจ้งให้เจ้าหน้าที่ที่เกี่ยวข้องติดต่อกลับค่ะ   ,,,,,,,,,,,,,,,,,,,,,,,,,,,,,,,,,,,,,,,,,,,,,
73,,ลูกค้าโทรมาบอกว่าตอนนี้ผมได้เข้ามากรอกรายละเอียดเพิ่มเติมแต่ระบบ แจ้งว่า   พบข้อผิดพลาดในการกรอกข้อมูล    ชื่อผู้ใช้ได้รับการลงทะเบียนแล้ว  ก็เลยอยากทราบว่าระบบได้ทำการลงทะเบียนแล้วหรือยัง  ลูกค้าต้องการให้ตรวจสอบแล้วแจ้งกลับให้ทราบด้วย   ,,,,,,,,,,,,,,,,,,,,,,,,,,,,,,,,,,,,,,,,,,,,,
74,,ลูกค้าโทรมาบอกว่าเมื่อสักครู่ได้ลงรายละเอียดสินค้าลูกหยีปลายด้ามขวาน  อยู่ระหว่างลงรายละเอียดข้อมูลสินค้าแต่ยังลงไม่เสร็จ และออกจากระบบมา แล้วลูกค้าเข้าไปใหม่ไม่ได้ระบบบอกว่าลูกค้าได้ลงทะเบียนแล้วเรียบร้อย   ต้องการสอบถามว่าจะเข้าไปลงรายละเอียดต่ออย่างไร ลูกค้าเข้าไปไม่ได้ค่ะ  ลูกค้าต้องการให้ติดต่อกลับค่ะ    ,,,,,,,,,,,,,,,,,,,,,,,,,,,,,,,,,,,,,,,,,,,,,
75,,ลูกค้าโทรมาสอบถามเรื่องของการสัมนาในวันพรุ่งนี้ว่าจะต้องไปที่ตลาดหลักทรัพย์   อยากทราบว่าผ่านไม่ผ่านหรือไปที่    Email   Setcod@ksc.th.com   ลูกค้าต้องการให้ติดต่อกลับ     Email   Setcod@ksc.th.com      ,,,,,,,,,,,,,,,,,,,,,,,,,,,,,,,,,,,,,,,,,,,,,
76,,ลูกค้าสนใจจะนำเสนอสินค้า ลิปสติกแบบซอง เข้ามาจำหน่ายในเซเว่น แต่ลูกค้ายังไม่ได้กรอกข้อมูลในเว็บ ลูกค้าต้องการทราบข้อกำหนดของเซเว่นก่อน ว่ามีกำหนดไหมว่า สินค้าประเภทนี้ต้องมีขนาดของตัวสินค้าและบรรจุภัณฑ์เท่าไร เพื่อที่ลูกค้าจะได้ไปทำ ม็อคอัพ ตัวสินค้าเข้าไปนำเสนออีกทีค่ะ,,,,,,,,,,,,,,,,,,,,,,,,,,,,,,,,,,,,,,,,,,,,,
77,,ลูกค้าสอบถามเรื่องการสัมมนา SME,,,,,,,,,,,,,,,,,,,,,,,,,,,,,,,,,,,,,,,,,,,,,
78,,ลูกค้าสอบถามว่าทาง 7-1 ยังเปิดรับจำหน่ายพวกหนังสือ นวนิยายหรือไม่ และมีการหักเปอร์เซ็นต์อย่างไร ,,,,,,,,,,,,,,,,,,,,,,,,,,,,,,ให้ลูกค้านำเสนอสินค้าเข้ามาก่อนค่ะ รายละเอียดอย่างอื่นนั้นจะอยู่ในขั้นตอนต่อไป ,,,,,,,,,,,,,,,
79,,สอบถามการนำเสนออาหารเด็ก,,,,,,,,,,,,,,,,,,,,,,,,,,,,,,,,,,,,,,,,,,,,,
80,,สอบถามการลงทะเบียนนำเสนอสินค้า ,,,,,,,,,,,,,,,,,,,,,,,,,,,,,,แนะนำให้ลงทะเบียนเรียบร้อย,,,,,,,,,,,,,,,
81,,สอบถามการเสนอสินค้า  ต้องการสอบถาม ว่า ต้องรอกี่วัน ,,,,,,,,,,,,,,,,,,,,,,,,,,,,,,แจ้ง 30 วันทำการ ,,,,,,,,,,,,,,,
82,,สอบถามข้อมูลการทำธุรกิจ SME ,,,,,,,,,,,,,,,,,,,,,,,,,,,,,,แจ้งข้อมูลให้ทราบเรียบร้อยค่ะ ,,,,,,,,,,,,,,,
83,,สอบถามเรื่องการเข้าร่วมงานสัมนาครับ ,,,,,,,,,,,,,,,,,,,,,,,,,,,,,,แจ้งลูกค้าลงทะเบียนเรียบร้อย 200 ที่นั่ง ,,,,,,,,,,,,,,,
84,,สอบถามเรื่องการตั้งราคาปลีก ,,,,,,,,,,,,,,,,,,,,,,,,,,,,,,แจ้งเรียบร้อย ไม่สามารถเว้นช่องว่าง ,,,,,,,,,,,,,,,
85,,สอใบถามการนำเสนอสินค้า  ,,,,,,,,,,,,,,,,,,,,,,,,,,,,,,แนะนำให้ลงทะเบียน ก่อน ,,,,,,,,,,,,,,,
86,,,,,,,,,,,,,,,,,,,,,,,,,,,,,,,,,,,,,,,,,,,,,,,
87,,,,,,,,,,,,,,,,,,,,,,,,,,,,,,,,,,,,,,,,,,,,,,,
88,,,,,,,,,,,,,,,,,,,,,,,,,,,,,,,,,,,,,,,,,,,,,,,